1980, 166.70, 60, 0x0000000000000000
1740, 241.85, 65, 0x0000000000000004
1725, 364.91, 68, 0x0000000000000004
1680, 484.79, 71, 0x0000000000000004
1680, 617.95, 72, 0x0000000000000004
1380, 707.70, 67, 0x0000000000000004
1695, 700.69, 68, 0x0000000000000004
1665, 698.35, 72, 0x0000000000000004
1665, 698.38, 73, 0x0000000000000004
1560, 694.23, 72, 0x0000000000000004
1470, 691.55, 68, 0x0000000000000004
1665, 701.08, 69, 0x0000000000000004
1665, 700.52, 72, 0x0000000000000004
1680, 700.19, 73, 0x0000000000000004
1545, 695.88, 72, 0x0000000000000004
1500, 699.84, 69, 0x0000000000000004
1650, 699.46, 70, 0x0000000000000004
1650, 699.89, 72, 0x0000000000000004
1650, 698.27, 72, 0x0000000000000004
1590, 692.63, 71, 0x0000000000000004
1545, 695.07, 69, 0x0000000000000004
1620, 702.17, 70, 0x0000000000000004
1650, 700.82, 72, 0x0000000000000004
1635, 700.20, 72, 0x0000000000000004
1560, 696.58, 72, 0x0000000000000004
1560, 698.41, 70, 0x0000000000000004
1635, 699.64, 70, 0x0000000000000004
1680, 700.34, 72, 0x0000000000000004
1605, 698.18, 72, 0x0000000000000004
1560, 697.94, 71, 0x0000000000000004
1560, 698.08, 70, 0x0000000000000004
1620, 700.35, 71, 0x0000000000000004
1635, 699.28, 72, 0x0000000000000004
1620, 697.14, 72, 0x0000000000000004
1560, 697.91, 71, 0x0000000000000004
1575, 701.79, 71, 0x0000000000000004
1605, 702.34, 71, 0x0000000000000004
1650, 702.44, 72, 0x0000000000000004
1605, 700.40, 72, 0x0000000000000004
1590, 701.16, 72, 0x0000000000000004
1575, 702.54, 71, 0x0000000000000004
1605, 702.46, 71, 0x0000000000000004
1605, 701.83, 72, 0x0000000000000004
1605, 698.11, 72, 0x0000000000000004
1605, 698.51, 72, 0x0000000000000004
1590, 698.05, 71, 0x0000000000000004
1590, 699.20, 71, 0x0000000000000004
1605, 697.01, 72, 0x0000000000000004
1620, 697.93, 72, 0x0000000000000004
1605, 695.19, 72, 0x0000000000000004
1590, 697.97, 71, 0x0000000000000004
1590, 699.89, 71, 0x0000000000000004
1605, 698.77, 72, 0x0000000000000004
1605, 697.72, 72, 0x0000000000000004
1590, 698.94, 72, 0x0000000000000004
1575, 698.63, 72, 0x0000000000000004
1590, 697.63, 71, 0x0000000000000004
1605, 699.00, 72, 0x0000000000000004
1605, 698.59, 72, 0x0000000000000004
1605, 697.10, 72, 0x0000000000000004
1605, 698.97, 72, 0x0000000000000004
1590, 699.11, 72, 0x0000000000000004
1590, 698.20, 72, 0x0000000000000004
1605, 698.45, 72, 0x0000000000000004
1605, 698.47, 72, 0x0000000000000004
1590, 695.88, 72, 0x0000000000000004
1605, 698.43, 72, 0x0000000000000004
1605, 699.11, 72, 0x0000000000000004
1605, 696.47, 71, 0x0000000000000004
1590, 698.95, 72, 0x0000000000000004
1590, 698.90, 72, 0x0000000000000004
1605, 698.85, 72, 0x0000000000000004
1605, 700.35, 72, 0x0000000000000004
1605, 700.60, 72, 0x0000000000000004
1605, 698.50, 72, 0x0000000000000004
